"species","decimalLongitude","decimalLatitude"
"Oeneis jutta",-90.174186,45.872838
"Oeneis jutta",-90.167627,45.818114
"Oeneis jutta",-77.969001,46.196238
"Oeneis jutta",-72.193276,46.361018
"Oeneis jutta",24.589241,64.653189
"Oeneis jutta",22.263423,61.640231
"Oeneis jutta",22.26468,61.643745
"Oeneis jutta",-74.12303,44.410683
"Oeneis jutta",25.152574,62.507601
"Oeneis jutta",24.829622,61.605305
"Oeneis jutta",25.158106,62.417924
"Oeneis jutta",-90.187225,45.862174
"Oeneis jutta",11.693262,59.415191
"Oeneis jutta",11.866377,59.757836
"Oeneis jutta",11.894395,59.732648
"Oeneis jutta",11.896578,59.735587
"Oeneis jutta",11.69682,59.410273
"Oeneis jutta",11.699712,59.409985
"Oeneis jutta",22.421924,60.735203
"Oeneis jutta",29.272399,61.965721
"Oeneis jutta",23.369164,62.424862
"Oeneis jutta",-71.602851,46.579512
"Oeneis jutta",11.544807,61.18241
"Oeneis jutta",26.062265,65.079929
"Oeneis jutta",29.933682,61.770657
"Oeneis jutta",25.514702,65.148412
"Oeneis jutta",24.798349,64.656451
"Oeneis jutta",27.092795,62.160883
"Oeneis jutta",25.833534,65.52397
"Oeneis jutta",25.506156,65.150212
"Oeneis jutta",24.805591,64.566821
"Oeneis jutta",24.809862,64.453137
"Oeneis jutta",21.63597,62.130164
"Oeneis jutta",22.034385,60.874545
"Oeneis jutta",29.717361,62.21958
"Oeneis jutta",24.979855,61.658314
"Oeneis jutta",21.677681,61.961241
"Oeneis jutta",21.928016,62.376385
"Oeneis jutta",28.11349,64.239168
"Oeneis jutta",28.260873,61.151902
"Oeneis jutta",28.696846,61.831934
"Oeneis jutta",28.080889,62.964285
"Oeneis jutta",28.985751,61.937686
"Oeneis jutta",11.972261,60.225598
"Oeneis jutta",11.54593,61.182332
"Oeneis jutta",11.984271,60.223011
"Oeneis jutta",12.020743,60.156739
"Oeneis jutta",11.028132,60.240169
"Oeneis jutta",11.946767,60.364581
"Oeneis jutta",12.121822,61.163035
"Oeneis jutta",11.845733,60.204134
"Oeneis jutta",11.029156,60.244208
"Oeneis jutta",11.032677,60.242389
"Oeneis jutta",11.917625,60.414879
"Oeneis jutta",11.968398,60.179359
"Oeneis jutta",-71,45
"Oeneis jutta",24.694528,60.884864
"Oeneis jutta",26.622472,64.290909
"Oeneis jutta",30.454127,62.724691
"Oeneis jutta",26.407086,64.101483
"Oeneis jutta",28.802892,61.880938
"Oeneis jutta",25.476864,62.861576
"Oeneis jutta",22.258851,61.636962
"Oeneis jutta",31.3492,62.9361
"Oeneis jutta",22.250067,61.637624
"Oeneis jutta",25.278348,63.389126
"Oeneis jutta",24.968766,62.592669
"Oeneis jutta",25.309902,63.325621
"Oeneis jutta",29.5066,62.9088
"Oeneis jutta",29.41035,62.9462
"Oeneis jutta",29.454259,61.6794
"Oeneis jutta",25.299861,63.323366
"Oeneis jutta",29.45272,61.679648
"Oeneis jutta",23.504898,62.166033
"Oeneis jutta",31.47845,62.90345
"Oeneis jutta",29.4102,62.9427
"Oeneis jutta",24.956842,62.569468
"Oeneis jutta",25.294294,63.321445
"Oeneis jutta",23.088859,60.505481
"Oeneis jutta",26.504012,64.735089
"Oeneis jutta",31.46145,62.90275
"Oeneis jutta",24.959891,62.592298
"Oeneis jutta",22.433701,62.1392
"Oeneis jutta",22.277052,61.642316
"Oeneis jutta",22.438631,62.135799
"Oeneis jutta",31.46575,62.90165
"Oeneis jutta",31.34955,62.9392
"Oeneis jutta",22.246266,61.643038
"Oeneis jutta",23.466725,62.14681
"Oeneis jutta",29.4931,62.9025
"Oeneis jutta",25.272615,63.389451
"Oeneis jutta",22.61561,62.720542
"Oeneis jutta",31.48885,62.89775
"Oeneis jutta",29.42005,62.94795
"Oeneis jutta",25.269157,63.391353
"Oeneis jutta",25.40468,60.638491
"Oeneis jutta",31.3533,62.9332
"Oeneis jutta",24.953311,62.569291
"Oeneis jutta",21.697059,61.95991
"Oeneis jutta",24.966539,62.590208
"Oeneis jutta",25.479155,62.857364
"Oeneis jutta",23.357391,62.422045
"Oeneis jutta",25.266786,63.39053
"Oeneis jutta",25.405422,60.636288
"Oeneis jutta",22.430099,62.188191
"Oeneis jutta",21.848376,62.080683
"Oeneis jutta",28.181888,64.242027
"Oeneis jutta",21.801418,62.410608
"Oeneis jutta",28.113179,64.23837
"Oeneis jutta",11.700853,59.409898
"Oeneis jutta",11.841197,62.489635
"Oeneis jutta",27.147294,64.055008
"Oeneis jutta",9.916934,62.066183
"Oeneis jutta",9.91175,62.065001
"Oeneis jutta",11.92289,59.769652
"Oeneis jutta",11.923411,59.773962
"Oeneis jutta",10.455977,63.236647
"Oeneis jutta",11.749102,60.883762
"Oeneis jutta",15.08332,59.41041
"Oeneis jutta",16.13326,58.82026
"Oeneis jutta",18.33593,59.6761
"Oeneis jutta",23.39972,65.89301
"Oeneis jutta",16.53558,62.65615
"Oeneis jutta",14.79991,59.60277
"Oeneis jutta",16.13065,58.81362
"Oeneis jutta",15.69086,62.57971
"Oeneis jutta",15.66391,62.26939
"Oeneis jutta",15.78143,60.10936
"Oeneis jutta",17.89246,66.02998
"Oeneis jutta",16.54633,62.66263
"Oeneis jutta",12.67327,62.6717
"Oeneis jutta",15.67133,62.5654
"Oeneis jutta",16.00749,59.78346
"Oeneis jutta",13.05675,62.80073
"Oeneis jutta",12.67058,62.67446
"Oeneis jutta",14.99857,57.92457
"Oeneis jutta",12.63595,60.92633
"Oeneis jutta",20.48452,67.84222
"Oeneis jutta",14.78661,61.3767
"Oeneis jutta",12.43589,61.9579
"Oeneis jutta",21.67664,65.93069
"Oeneis jutta",17.50982,60.0773
"Oeneis jutta",16.89954,60.71878
"Oeneis jutta",21.88012,65.78245
"Oeneis jutta",15.67991,62.58566
"Oeneis jutta",15.33483,58.08625
"Oeneis jutta",14.38541,61.09399
"Oeneis jutta",14.85281,59.36817
"Oeneis jutta",19.58757,63.58666
"Oeneis jutta",14.78801,61.38198
"Oeneis jutta",16.05097,58.8224
"Oeneis jutta",14.86054,60.22456
"Oeneis jutta",12.84372,61.23402
"Oeneis jutta",23.5532,66.29834
"Oeneis jutta",14.9983,57.92538
"Oeneis jutta",14.83163,59.3219
"Oeneis jutta",17.16104,59.9708
"Oeneis jutta",16.3107,61.3644
"Oeneis jutta",14.85275,59.36771
"Oeneis jutta",17.15457,59.96981
"Oeneis jutta",17.70159,64.16728
"Oeneis jutta",14.89173,60.93685
"Oeneis jutta",19.15903,65.60609
"Oeneis jutta",13.20079,61.61976
"Oeneis jutta",14.99861,57.92483
"Oeneis jutta",20.62613,63.9617
"Oeneis jutta",12.67109,62.67428
"Oeneis jutta",14.4785,61.48847
"Oeneis jutta",18.68251,63.17869
"Oeneis jutta",16.04943,58.82212
"Oeneis jutta",14.79309,61.38508
"Oeneis jutta",16.93248,60.6491
"Oeneis jutta",17.15877,59.96905
"Oeneis jutta",19.78716,64.0761
"Oeneis jutta",12.51633,62.60407
"Oeneis jutta",17.89032,66.03013
"Oeneis jutta",15.33069,58.0877
"Oeneis jutta",12.61123,62.59093
"Oeneis jutta",19.83862,63.65664
"Oeneis jutta",15.10212,59.59948
"Oeneis jutta",15.6857,62.58412
"Oeneis jutta",15.43074,61.98414
"Oeneis jutta",15.60249,62.31535
"Oeneis jutta",17.54333,63.65596
"Oeneis jutta",12.67178,62.67253
"Oeneis jutta",22.55252,66.45009
"Oeneis jutta",12.88399,62.67711
"Oeneis jutta",12.65071,60.92976
"Oeneis jutta",14.78977,61.38415
"Oeneis jutta",12.68117,62.67488
"Oeneis jutta",16.49638,62.69444
"Oeneis jutta",19.74281,63.59596
"Oeneis jutta",15.23554,63.48622
"Oeneis jutta",12.86794,61.20561
"Oeneis jutta",17.89401,66.02781
"Oeneis jutta",20.39168,64.26668
"Oeneis jutta",17.34311,60.6115
"Oeneis jutta",17.16043,59.97087
"Oeneis jutta",17.12923,62.80231
"Oeneis jutta",14.84091,60.47998
"Oeneis jutta",14.83037,59.31993
"Oeneis jutta",15.32352,58.08542
"Oeneis jutta",14.49171,61.28839
"Oeneis jutta",12.38672,60.90363
"Oeneis jutta",12.76337,62.77832
"Oeneis jutta",12.67332,62.67365
"Oeneis jutta",14.45072,59.20916
"Oeneis jutta",17.24472,66.23188
"Oeneis jutta",15.2549,58.68459
"Oeneis jutta",15.65747,62.61247
"Oeneis jutta",18.68975,65.73209
"Oeneis jutta",15.0544,60.11489
"Oeneis jutta",17.10303,60.19856
"Oeneis jutta",17.07034,62.54145
"Oeneis jutta",23.12944,65.72999
"Oeneis jutta",19.42545,65.28652
"Oeneis jutta",16.26779,60.96857
"Oeneis jutta",12.66692,62.67823
"Oeneis jutta",14.83747,60.48144
"Oeneis jutta",13.98662,60.49577
"Oeneis jutta",18.8598,65.59875
"Oeneis jutta",20.49514,64.88049
"Oeneis jutta",14.79154,61.38619
"Oeneis jutta",14.79242,61.38781
"Oeneis jutta",20.71661,66.50416
"Oeneis jutta",19.85521,63.67759
"Oeneis jutta",16.90932,60.4024
"Oeneis jutta",20.20776,63.86855
"Oeneis jutta",14.95411,59.40913
"Oeneis jutta",21.5239,64.41648
"Oeneis jutta",17.33012,66.17093
"Oeneis jutta",19.84822,64.06595
"Oeneis jutta",19.25947,65.28711
"Oeneis jutta",15.3388,59.6152
"Oeneis jutta",14.6351,63.2251
"Oeneis jutta",14.55254,61.27692
"Oeneis jutta",20.36444,63.79147
"Oeneis jutta",12.66695,62.67137
"Oeneis jutta",13.99734,59.83234
"Oeneis jutta",14.85244,59.36837
"Oeneis jutta",15.64932,62.27629
"Oeneis jutta",14.79313,59.34408
"Oeneis jutta",15.09061,59.5943
"Oeneis jutta",12.64882,60.92968
"Oeneis jutta",17.16301,59.97029
"Oeneis jutta",19.92216,67.02048
"Oeneis jutta",18.41221,65.85088
"Oeneis jutta",14.83123,59.32094
"Oeneis jutta",17.81407,60.31671
"Oeneis jutta",12.87711,62.66298
"Oeneis jutta",14.47947,61.24546
"Oeneis jutta",14.78896,61.38437
"Oeneis jutta",17.1608,59.97125
"Oeneis jutta",14.86173,60.22046
"Oeneis jutta",14.78725,61.38188
"Oeneis jutta",12.53498,63.3157
"Oeneis jutta",15.64493,62.61082
"Oeneis jutta",19.83555,63.62137
"Oeneis jutta",17.22839,60.65276
"Oeneis jutta",16.11479,59.68564
"Oeneis jutta",15.33466,63.45693
"Oeneis jutta",13.91209,60.5086
"Oeneis jutta",19.313,65.23744
"Oeneis jutta",15.69228,62.58598
"Oeneis jutta",15.92841,61.04176
"Oeneis jutta",19.46395,65.28649
"Oeneis jutta",12.66696,62.67264
"Oeneis jutta",15.20959,63.45772
"Oeneis jutta",12.65883,62.66854
"Oeneis jutta",20.38114,63.90302
"Oeneis jutta",15.35405,63.45948
"Oeneis jutta",12.56361,62.56838
"Oeneis jutta",19.67168,65.25662
"Oeneis jutta",19.45195,65.28612
"Oeneis jutta",15.33488,63.45712
"Oeneis jutta",17.10841,60.14692
"Oeneis jutta",14.89974,62.38891
"Oeneis jutta",12.87074,61.20416
"Oeneis jutta",14.78551,61.37695
"Oeneis jutta",-113.828493,53.568704
"Oeneis jutta",-114.597933,50.732963
"Oeneis jutta",-113.828793,53.567328
"Oeneis jutta",22.591485,61.24994
"Oeneis jutta",-88.345627,48.538796
"Oeneis jutta",-70.527078,45.019136
"Oeneis jutta",-71.046032,44.886705
"Oeneis jutta",-54.015915,48.492136
"Oeneis jutta",-71.598941,46.581381
"Oeneis jutta",35.527511,56.367401
"Oeneis jutta",-114.59907,50.733355
"Oeneis jutta",-113.828965,53.567927
"Oeneis jutta",-53.976695,48.53684
"Oeneis jutta",-71.59946,46.581071
"Oeneis jutta",31.003125,58.597697
"Oeneis jutta",-79.46694,46.448105
"Oeneis jutta",-128.797762,60.112725
"Oeneis jutta",-53.950539,48.536019
"Oeneis jutta",-71.040833,44.879967
"Oeneis jutta",-128.701094,60.068306
"Oeneis jutta",59.911214,60.129346
"Oeneis jutta",35.525953,56.36633
"Oeneis jutta",-54.027609,48.488722
"Oeneis jutta",-89.073792,48.650385
"Oeneis jutta",38.273509,56.763966
"Oeneis jutta",-113.828772,53.568042
"Oeneis jutta",25.540934,66.424709
"Oeneis jutta",26.632404,64.297414
"Oeneis jutta",22.185535,62.172337
"Oeneis jutta",26.405561,64.099114
"Oeneis jutta",22.170364,62.168146
"Oeneis jutta",21.692337,61.965735
"Oeneis jutta",24.810879,64.452093
"Oeneis jutta",31.4421,62.9573
"Oeneis jutta",24.953506,62.569011
"Oeneis jutta",24.960112,62.56719
"Oeneis jutta",22.190987,62.169687
"Oeneis jutta",25.470926,62.858778
"Oeneis jutta",24.957578,62.569514
"Oeneis jutta",22.264335,61.641559
"Oeneis jutta",26.411993,64.096091
"Oeneis jutta",23.624371,60.462536
"Oeneis jutta",22.263338,61.645085
"Oeneis jutta",24.960469,62.567097
"Oeneis jutta",22.170577,62.170896
"Oeneis jutta",24.961712,62.590442
"Oeneis jutta",30.504373,63.380984
"Oeneis jutta",23.751427,67.953916
"Oeneis jutta",26.324846,64.803761
"Oeneis jutta",28.696624,61.832751
"Oeneis jutta",29.60601,62.266607
"Oeneis jutta",24.712322,65.710702
"Oeneis jutta",23.744233,68.003523
"Oeneis jutta",26.127361,65.507965
"Oeneis jutta",26.624425,64.290423
"Oeneis jutta",23.739862,68.00471
"Oeneis jutta",28.113884,64.240701
"Oeneis jutta",22.254584,61.643715
"Oeneis jutta",26.414029,64.095245
"Oeneis jutta",26.06167,63.775715
"Oeneis jutta",29.098042,63.401594
"Oeneis jutta",22.383905,60.743305
"Oeneis jutta",22.189693,62.167839
"Oeneis jutta",10.385154,60.771781
"Oeneis jutta",9.917122,62.706644
"Oeneis jutta",9.885178,62.653009
"Oeneis jutta",22.438012,62.134619
"Oeneis jutta",22.168091,62.171096
"Oeneis jutta",26.641687,64.285379
"Oeneis jutta",25.643108,62.893474
"Oeneis jutta",22.436276,62.1376
"Oeneis jutta",23.353137,62.423262
"Oeneis jutta",26.383859,64.105176
"Oeneis jutta",14.183,60.24033
"Oeneis jutta",14.79479,61.38756
"Oeneis jutta",20.55076,64.40801
"Oeneis jutta",17.3312,66.17152
"Oeneis jutta",14.62232,63.2377
"Oeneis jutta",16.85264,65.17808
"Oeneis jutta",12.67119,62.67429
"Oeneis jutta",12.67186,62.67455
"Oeneis jutta",13.4027,60.48222
"Oeneis jutta",14.79278,61.38406
"Oeneis jutta",17.24773,66.23275
"Oeneis jutta",17.62968,66.01359
"Oeneis jutta",14.62603,60.48325
"Oeneis jutta",13.19978,61.61919
"Oeneis jutta",27.843849,63.853854
"Oeneis jutta",-84.321026,55.245102
"Oeneis jutta",26.319784,63.894336
"Oeneis jutta",26.265813,63.916445
"Oeneis jutta",26.365039,63.934213
"Oeneis jutta",-71.15142,45.96912
"Oeneis jutta",15.14598,59.592534
"Oeneis jutta",15.14599,59.592663
"Oeneis jutta",15.146417,59.59254
"Oeneis jutta",22.481479,62.445376
"Oeneis jutta",-53.940827,48.58235
"Oeneis jutta",24.250782,67.903791
"Oeneis jutta",24.827137,60.761754
"Oeneis jutta",24.842097,61.425961
"Oeneis jutta",25.040559,61.249429
"Oeneis jutta",11.866053,61.330513
"Oeneis jutta",-68.459428,47.651332
"Oeneis jutta",12.66726,62.67517
"Oeneis jutta",19.76233,64.09535
"Oeneis jutta",25.565202,65.077411
"Oeneis jutta",25.559268,65.078691
"Oeneis jutta",25.31135,63.321361
"Oeneis jutta",25.642336,64.996745
"Oeneis jutta",27.461553,63.274231
"Oeneis jutta",24.809853,64.449267
"Oeneis jutta",22.360064,61.723481
"Oeneis jutta",29.718974,62.237505
"Oeneis jutta",25.113869,62.198135
"Oeneis jutta",24.79032,64.457712
"Oeneis jutta",-115.143271,50.690959
"Oeneis jutta",-88.784013,48.343024
"Oeneis jutta",-77.750888,53.712278
"Oeneis jutta",-115.257142,51.01659
"Oeneis jutta",-68.514551,63.749331
"Oeneis jutta",-115.258129,51.016536
"Oeneis jutta",-115.347949,50.837379
"Oeneis jutta",15.22891,60.94821
"Oeneis jutta",15.94481,61.51812
"Oeneis jutta",15.229,60.94808
"Oeneis jutta",-105.538413,40.132228
"Oeneis jutta",30.331915,62.335572
"Oeneis jutta",-105.519487,40.129299
"Oeneis jutta",-76.577174,47.095839
"Oeneis jutta",-105.738997,40.100961
"Oeneis jutta",-77.749343,53.711948
"Oeneis jutta",-77.334276,47.787698
"Oeneis jutta",-77.333787,47.785906
"Oeneis jutta",-78.138007,48.356938
"Oeneis jutta",26.708801,62.160608
"Oeneis jutta",-74.857217,45.495147
"Oeneis jutta",-92.386996,47.831906
"Oeneis jutta",-72.193486,46.354621
"Oeneis jutta",15.33648,59.61603
"Oeneis jutta",25.16906,62.238565
"Oeneis jutta",-74.858339,45.492463
"Oeneis jutta",-82.232505,50.151786
"Oeneis jutta",-85.183303,46.652425
"Oeneis jutta",-62.766606,46.098318
"Oeneis jutta",-64.284022,46.736618
"Oeneis jutta",-85.183288,46.65242
"Oeneis jutta",10.451036,63.235013
"Oeneis jutta",10.894858,63.400383
"Oeneis jutta",10.451243,63.235385
"Oeneis jutta",-93.960558,48.917448
"Oeneis jutta",-107.898147,44.819645
"Oeneis jutta",-135.896097,63.616675
"Oeneis jutta",-92.697918,47.167612
"Oeneis jutta",10.448125,63.235887
"Oeneis jutta",11.204696,63.397286
"Oeneis jutta",-135.948761,61.016608
"Oeneis jutta",-135.036744,60.699413
"Oeneis jutta",-92.726635,47.14766
"Oeneis jutta",-135.945633,60.823667
"Oeneis jutta",-149.017068,63.847233
"Oeneis jutta",-135.947586,60.820133
"Oeneis jutta",-149.292308,63.750588
"Oeneis jutta",-149.291195,63.74909
"Oeneis jutta",-114.961883,51.57636
"Oeneis jutta",-149.292158,63.739997
"Oeneis jutta",-114.961967,51.576405
"Oeneis jutta",-149.292315,63.750583
"Oeneis jutta",-149.258375,63.719842
"Oeneis jutta",-135.945633,60.823831
"Oeneis jutta",-140.535191,64.414417
"Oeneis jutta",-114.961841,51.576451
"Oeneis jutta",-138.134849,64.024185
"Oeneis jutta",26.27935,58.44383
"Oeneis jutta",-114.961634,51.575165
"Oeneis jutta",-114.961774,51.575115
"Oeneis jutta",-114.961657,51.575314
"Oeneis jutta",-114.961524,51.575286
"Oeneis jutta",-114.961475,51.575626
"Oeneis jutta",-114.962157,51.575201
"Oeneis jutta",-114.961889,51.575491
"Oeneis jutta",-114.961952,51.575482
"Oeneis jutta",-114.961097,51.575242
"Oeneis jutta",-114.961695,51.57538
"Oeneis jutta",-114.961403,51.574919
"Oeneis jutta",-114.961859,51.575038
"Oeneis jutta",-114.961475,51.575119
"Oeneis jutta",-114.962313,51.575225
"Oeneis jutta",-71.295555,48.534078
"Oeneis jutta",-114.961912,51.575106
"Oeneis jutta",-149.249736,63.726254
"Oeneis jutta",-71.049672,44.885444
"Oeneis jutta",-71.041672,44.881424
"Oeneis jutta",-81.609357,49.850753
"Oeneis jutta",16.20996,60.40177
"Oeneis jutta",15.97108,60.56074
"Oeneis jutta",18.02624,63.97235
"Oeneis jutta",14.70598,61.06897
"Oeneis jutta",15.24516,59.77757
"Oeneis jutta",17.88633,66.01342
"Oeneis jutta",17.99327,63.97203
"Oeneis jutta",14.62713,60.79853
"Oeneis jutta",23.960026,63.516305
"Oeneis jutta",26.470958,64.761585
"Oeneis jutta",22.007545,60.859937
"Oeneis jutta",26.51155,64.741893
"Oeneis jutta",21.653199,62.798614
"Oeneis jutta",21.769131,62.318877
"Oeneis jutta",26.769115,63.071433
"Oeneis jutta",24.02548,63.496947
"Oeneis jutta",27.864593,63.323594
"Oeneis jutta",24.389447,66.713936
"Oeneis jutta",23.678877,62.052939
"Oeneis jutta",23.788546,62.002717
"Oeneis jutta",25.133105,62.36411
"Oeneis jutta",25.1304,62.305299
"Oeneis jutta",-71.049183,44.8849
"Oeneis jutta",-114.557657,52.838952
"Oeneis jutta",-115.348657,50.838653
"Oeneis jutta",-135.174685,60.789343
"Oeneis jutta",-135.050357,60.79728
"Oeneis jutta",-135.07515,60.775853
"Oeneis jutta",-115.342377,50.838464
"Oeneis jutta",29.942251,61.860272
"Oeneis jutta",28.204733,61.168487
"Oeneis jutta",22.465076,61.007877
"Oeneis jutta",22.833804,61.019787
"Oeneis jutta",27.894795,63.324469
"Oeneis jutta",25.844587,64.668324
"Oeneis jutta",23.98424,60.601374
"Oeneis jutta",23.569121,61.596518
"Oeneis jutta",23.496762,63.374019
"Oeneis jutta",29.870649,63.118814
"Oeneis jutta",26.681058,64.762186
"Oeneis jutta",15.337677,59.615914
"Oeneis jutta",29.121186,60.560944
"Oeneis jutta",-90.181982,45.864873
"Oeneis jutta",-64.786087,45.45477
"Oeneis jutta",16.26526,59.74965
"Oeneis jutta",14.99873,57.94487
"Oeneis jutta",16.76237,60.1485
"Oeneis jutta",15.33952,59.61572
"Oeneis jutta",15.31971,59.63038
"Oeneis jutta",15.14598,59.59246
"Oeneis jutta",13.31068,60.27775
"Oeneis jutta",14.22002,59.52391
"Oeneis jutta",15.34069,59.61683
"Oeneis jutta",15.33856,59.61766
"Oeneis jutta",16.7743,60.14361
"Oeneis jutta",16.75598,59.2067
"Oeneis jutta",16.80742,60.16961
"Oeneis jutta",16.919,60.5297
"Oeneis jutta",16.48112,59.83494
"Oeneis jutta",15.37053,58.96221
"Oeneis jutta",14.40986,59.01211
"Oeneis jutta",15.33623,59.62471
"Oeneis jutta",13.77267,60.99085
"Oeneis jutta",15.81732,59.02184
"Oeneis jutta",14.95712,59.38779
"Oeneis jutta",14.66844,59.26269
"Oeneis jutta",14.41345,59.0124
"Oeneis jutta",11.696909,59.415987
"Oeneis jutta",17.32762,60.04421
"Oeneis jutta",21.952826,60.827803
"Oeneis jutta",22.585864,61.252083
"Oeneis jutta",21.462185,62.08252
"Oeneis jutta",23.085218,60.573455
"Oeneis jutta",22.114771,62.074594
"Oeneis jutta",16.76204,60.63136
"Oeneis jutta",17.09092,60.02948
"Oeneis jutta",25.676666,59.02387
"Oeneis jutta",25.51194,59.114711
"Oeneis jutta",25.684645,59.026105
"Oeneis jutta",25.682871,59.025414
"Oeneis jutta",25.687014,59.026912
"Oeneis jutta",25.670365,59.021841
"Oeneis jutta",25.683794,59.025886
"Oeneis jutta",25.68626,59.026724
"Oeneis jutta",25.662778,59.019896
"Oeneis jutta",25.416785,59.078044
"Oeneis jutta",27.322077,60.599576
"Oeneis jutta",30.460787,62.188641
"Oeneis jutta",38.637567,56.943059
"Oeneis jutta",24.808104,60.987145
"Oeneis jutta",23.993662,60.622927
"Oeneis jutta",23.068894,60.480015
"Oeneis jutta",26.797517,60.608524
"Oeneis jutta",27.343825,60.585403
"Oeneis jutta",27.601312,62.788269
"Oeneis jutta",24.140783,61.615103
"Oeneis jutta",11.437997,60.857438
"Oeneis jutta",11.477433,60.78446
"Oeneis jutta",11.224656,59.913078
"Oeneis jutta",-74.679806,44.22615
"Oeneis jutta",23.410591,62.331332
"Oeneis jutta",-72.263908,48.746495
"Oeneis jutta",-91.965659,48.071783
"Oeneis jutta",-74.122786,44.411178
"Oeneis jutta",24.898123,61.389768
"Oeneis jutta",-91.739579,47.876867
"Oeneis jutta",24.887846,61.393439
"Oeneis jutta",-91.6633,47.50524
"Oeneis jutta",15.16873,58.82399
"Oeneis jutta",17.24735,60.08408
"Oeneis jutta",17.242,63.68581
"Oeneis jutta",13.57163,60.30196
"Oeneis jutta",12.42754,63.22349
"Oeneis jutta",13.51557,61.38381
"Oeneis jutta",15.65836,62.68126
"Oeneis jutta",19.37083,65.27696
"Oeneis jutta",17.48636,64.87772
"Oeneis jutta",19.3541,63.45201
"Oeneis jutta",20.05915,64.62831
"Oeneis jutta",14.63471,63.24538
"Oeneis jutta",15.62389,61.46701
"Oeneis jutta",14.34997,60.47293
"Oeneis jutta",14.95496,59.37419
"Oeneis jutta",19.19229,65.28294
"Oeneis jutta",15.06,60.22101
"Oeneis jutta",17.81935,60.31499
"Oeneis jutta",19.5158,65.58963
"Oeneis jutta",15.10873,59.55534
"Oeneis jutta",13.96124,60.02301
"Oeneis jutta",17.76778,62.55733
"Oeneis jutta",20.36516,63.79164
"Oeneis jutta",16.12813,62.53781
"Oeneis jutta",16.26644,60.97021
"Oeneis jutta",18.04619,63.6272
"Oeneis jutta",14.48752,59.62396
"Oeneis jutta",14.90628,60.11229
"Oeneis jutta",15.33633,59.61753
"Oeneis jutta",12.77124,62.8017
"Oeneis jutta",19.16585,65.31562
"Oeneis jutta",14.92634,63.22217
"Oeneis jutta",14.90133,61.17733
"Oeneis jutta",12.52721,62.53914
"Oeneis jutta",19.38225,65.27973
"Oeneis jutta",16.96954,62.67218
"Oeneis jutta",17.16058,59.9708
"Oeneis jutta",14.86875,59.37136
"Oeneis jutta",18.50984,59.80512
"Oeneis jutta",22.24231,65.83184
"Oeneis jutta",14.65944,63.27374
"Oeneis jutta",14.99935,57.925
"Oeneis jutta",14.75975,63.20771
"Oeneis jutta",14.79329,61.38878
"Oeneis jutta",16.01574,59.82047
"Oeneis jutta",17.039,61.39711
"Oeneis jutta",19.63529,65.44328
"Oeneis jutta",17.49217,60.13161
"Oeneis jutta",17.07482,62.78078
"Oeneis jutta",19.43676,65.28892
"Oeneis jutta",18.24762,65.65504
"Oeneis jutta",14.6307,63.24216
"Oeneis jutta",15.34022,60.47261
"Oeneis jutta",18.71117,65.66619
"Oeneis jutta",16.96657,62.8863
"Oeneis jutta",18.8314,66.10684
"Oeneis jutta",14.38284,61.09288
"Oeneis jutta",17.24986,62.13767
"Oeneis jutta",12.67124,62.67452
"Oeneis jutta",20.36524,63.79082
"Oeneis jutta",15.56875,59.66962
"Oeneis jutta",13.87554,63.70345
"Oeneis jutta",15.70037,62.61164
"Oeneis jutta",17.16175,59.97451
"Oeneis jutta",17.33253,66.16851
"Oeneis jutta",17.5178,65.02753
"Oeneis jutta",19.32416,65.21032
"Oeneis jutta",14.43395,63.34085
"Oeneis jutta",14.71538,59.34546
"Oeneis jutta",17.16083,59.97121
"Oeneis jutta",14.65468,63.27446
"Oeneis jutta",19.64167,65.53324
"Oeneis jutta",17.25651,62.62824
"Oeneis jutta",13.06342,63.22143
"Oeneis jutta",17.15425,59.96178
"Oeneis jutta",16.91794,61.7751
"Oeneis jutta",17.32885,60.0472
"Oeneis jutta",12.67076,62.67416
"Oeneis jutta",14.7709,59.31237
"Oeneis jutta",13.16188,61.57936
"Oeneis jutta",12.43761,60.91568
"Oeneis jutta",20.33947,63.79057
"Oeneis jutta",19.49787,65.51963
"Oeneis jutta",12.67026,62.66437
"Oeneis jutta",20.02749,64.60513
"Oeneis jutta",21.97403,65.77263
"Oeneis jutta",17.32551,62.42817
"Oeneis jutta",12.65841,61.99872
"Oeneis jutta",19.24805,65.28141
"Oeneis jutta",17.16057,59.9708
"Oeneis jutta",16.82569,61.13855
"Oeneis jutta",16.74144,60.22686
"Oeneis jutta",15.86314,61.117
"Oeneis jutta",16.24746,64.11881
"Oeneis jutta",14.19949,63.42157
"Oeneis jutta",15.3287,58.087
"Oeneis jutta",17.01865,59.20314
"Oeneis jutta",20.33382,63.82321
"Oeneis jutta",17.17955,62.81426
"Oeneis jutta",13.04107,63.22695
"Oeneis jutta",17.16104,59.97119
"Oeneis jutta",17.45466,59.08713
"Oeneis jutta",19.55894,63.69639
"Oeneis jutta",12.63543,60.9253
"Oeneis jutta",17.16045,59.97095
"Oeneis jutta",14.60816,63.03592
"Oeneis jutta",13.23279,60.30132
"Oeneis jutta",17.03255,62.86535
"Oeneis jutta",12.97485,60.89299
"Oeneis jutta",17.49094,60.13148
"Oeneis jutta",17.15335,59.96947
"Oeneis jutta",12.63225,60.9257
"Oeneis jutta",14.63434,63.22504
"Oeneis jutta",15.61778,60.68472
"Oeneis jutta",14.99962,57.92407
"Oeneis jutta",14.6367,63.25695
"Oeneis jutta",17.85422,62.51876
"Oeneis jutta",20.935,64.76782
"Oeneis jutta",18.93418,65.62413
"Oeneis jutta",14.94469,59.34751
"Oeneis jutta",12.36089,59.44393
"Oeneis jutta",16.7551,59.20484
"Oeneis jutta",15.33257,58.08827
"Oeneis jutta",19.97143,63.85197
"Oeneis jutta",20.36541,63.79147
"Oeneis jutta",15.33591,59.61728
"Oeneis jutta",20.10307,63.67743
"Oeneis jutta",17.48631,60.12838
"Oeneis jutta",19.62504,65.26684
"Oeneis jutta",15.55114,62.68406
"Oeneis jutta",16.20242,59.85362
"Oeneis jutta",17.18112,62.81404
"Oeneis jutta",20.40017,66.69604
"Oeneis jutta",15.3378,59.61555
"Oeneis jutta",17.0177,59.20342
"Oeneis jutta",19.8641,64.02528
"Oeneis jutta",16.05132,58.82276
"Oeneis jutta",14.79448,61.38756
"Oeneis jutta",15.46249,58.96416
"Oeneis jutta",19.21978,65.3103
"Oeneis jutta",19.55419,63.6985
"Oeneis jutta",20.50759,63.86849
"Oeneis jutta",13.17321,60.28188
"Oeneis jutta",15.62354,58.98146
"Oeneis jutta",17.24308,66.23277
"Oeneis jutta",17.24184,66.23134
"Oeneis jutta",20.44969,67.09687
"Oeneis jutta",12.63445,60.92583
"Oeneis jutta",19.67252,63.99386
"Oeneis jutta",17.16071,59.97126
"Oeneis jutta",15.56073,63.8576
"Oeneis jutta",20.33137,63.87146
"Oeneis jutta",14.91962,61.12363
"Oeneis jutta",19.55598,65.19167
"Oeneis jutta",12.49469,61.85695
"Oeneis jutta",20.04513,64.59539
"Oeneis jutta",17.8925,66.03097
"Oeneis jutta",20.09889,63.88354
"Oeneis jutta",14.64811,61.02918
"Oeneis jutta",15.75234,62.5783
"Oeneis jutta",12.41095,61.02387
"Oeneis jutta",13.24857,60.25242
"Oeneis jutta",12.98222,60.80737
"Oeneis jutta",18.28105,65.96382
"Oeneis jutta",19.41805,65.26823
"Oeneis jutta",13.04904,63.22682
"Oeneis jutta",15.52604,62.71225
"Oeneis jutta",17.16036,59.97108
"Oeneis jutta",15.63128,62.6818
"Oeneis jutta",17.1597,59.97102
"Oeneis jutta",17.14154,61.43232
"Oeneis jutta",17.57909,66.07512
"Oeneis jutta",14.73512,60.21137
"Oeneis jutta",12.6595,62.6684
"Oeneis jutta",12.98831,61.18223
"Oeneis jutta",17.15922,59.96996
"Oeneis jutta",16.49011,58.69444
"Oeneis jutta",19.36996,65.27028
"Oeneis jutta",19.43676,65.15687
"Oeneis jutta",14.6622,63.23154
"Oeneis jutta",15.5146,62.71595
"Oeneis jutta",15.22025,60.86142
"Oeneis jutta",14.80152,59.41882
"Oeneis jutta",15.47192,62.72212
"Oeneis jutta",13.06553,63.22345
"Oeneis jutta",17.06189,62.81534
"Oeneis jutta",18.51299,65.9228
"Oeneis jutta",16.23167,61.11851
"Oeneis jutta",14.99875,57.92483
"Oeneis jutta",19.55593,65.19167
"Oeneis jutta",15.14574,59.59249
"Oeneis jutta",13.54364,63.19499
"Oeneis jutta",17.33368,60.04607
"Oeneis jutta",13.00937,62.80681
"Oeneis jutta",17.33072,60.04681
"Oeneis jutta",21.25091,66.18298
"Oeneis jutta",18.33544,59.67519
"Oeneis jutta",15.53513,62.6799
"Oeneis jutta",20.3655,63.79164
"Oeneis jutta",20.76922,64.84649
"Oeneis jutta",15.0375,59.99708
"Oeneis jutta",14.70338,60.29734
"Oeneis jutta",17.89319,66.03099
"Oeneis jutta",17.45243,59.08446
"Oeneis jutta",17.89206,66.02998
"Oeneis jutta",13.83892,61.01082
"Oeneis jutta",14.19313,59.92717
"Oeneis jutta",15.07307,59.4229
"Oeneis jutta",17.24275,66.23276
"Oeneis jutta",15.52231,62.71563
"Oeneis jutta",19.59105,63.60938
"Oeneis jutta",19.5589,63.69605
"Oeneis jutta",17.89299,66.02796
"Oeneis jutta",19.41753,65.58722
"Oeneis jutta",14.65956,63.23121
"Oeneis jutta",15.05405,63.21097
"Oeneis jutta",20.50808,63.86824
"Oeneis jutta",17.01726,59.20516
"Oeneis jutta",14.84179,61.39396
"Oeneis jutta",12.49555,61.96634
"Oeneis jutta",12.52747,62.5392
"Oeneis jutta",16.48416,59.83687
"Oeneis jutta",19.05499,65.62092
"Oeneis jutta",16.78787,61.11029
"Oeneis jutta",15.50542,58.65056
"Oeneis jutta",12.92944,61.70257
"Oeneis jutta",20.42223,63.82646
"Oeneis jutta",59.913092,60.130542
"Oeneis jutta",-135.128256,60.70667
"Oeneis jutta",-65.028556,46.191635
"Oeneis jutta",23.838268,61.436827
"Oeneis jutta",11.894665,61.964559
"Oeneis jutta",10.003621,60.09637
"Oeneis jutta",11.703539,60.056299
"Oeneis jutta",11.871201,59.760451
"Oeneis jutta",12.303955,60.759146
"Oeneis jutta",9.847135,60.259599
"Oeneis jutta",11.196898,60.856904
"Oeneis jutta",12.263001,60.780136
"Oeneis jutta",11.875351,59.763622
"Oeneis jutta",12.073429,62.005968
"Oeneis jutta",11.265071,62.149336
"Oeneis jutta",11.872503,59.751592
"Oeneis jutta",11.00368,60.027706
"Oeneis jutta",11.866556,61.330513
"Oeneis jutta",11.374926,60.114006
"Oeneis jutta",11.604949,60.090109
"Oeneis jutta",12.256838,61.236191
"Oeneis jutta",11.628152,60.077658
"Oeneis jutta",11.210795,60.11654
"Oeneis jutta",11.900072,61.946039
"Oeneis jutta",11.863277,61.330974
"Oeneis jutta",11.670229,59.623617
"Oeneis jutta",11.820113,60.847764
"Oeneis jutta",11.926636,61.90712
"Oeneis jutta",11.944683,61.244961
"Oeneis jutta",11.435527,60.822299
"Oeneis jutta",12.154915,61.054518
"Oeneis jutta",11.816134,61.296793
"Oeneis jutta",9.907861,60.120317
"Oeneis jutta",11.756019,61.922358
"Oeneis jutta",11.868658,61.938526
"Oeneis jutta",12.123421,61.041272
"Oeneis jutta",12.219037,60.52799
"Oeneis jutta",11.75866,61.918552
"Oeneis jutta",11.864122,60.845493
"Oeneis jutta",11.34821,60.19003
"Oeneis jutta",12.087039,61.04172
"Oeneis jutta",11.439093,60.026961
"Oeneis jutta",20.62457,63.95828
"Oeneis jutta",18.78443,64.5463
"Oeneis jutta",-78.77668,48.72223
"Oeneis jutta",-79.15632,48.50425
"Oeneis jutta",17.10005,60.1432
"Oeneis jutta",16.1629,60.81677
"Oeneis jutta",12.57205,63.34138
"Oeneis jutta",21.857258,60.841813
"Oeneis jutta",27.580628,61.215118
"Oeneis jutta",29.061853,63.396217
"Oeneis jutta",23.6622,61.941037
"Oeneis jutta",22.402364,60.732876
"Oeneis jutta",21.924202,62.067712
"Oeneis jutta",-78.75765,48.70388
"Oeneis jutta",-78.46399,48.15656
